{"tp 1": 1.210207060196533, "tp 2": 3.8714720148420265, "tp 3": 4.34967877515144, "tp 4": 4.640468883475538, "tp 5": 4.640195722250726, "tp 6": 4.383964847726725, "tp 7": 3.8004385508964464, "tp 8": 3.4661602265223657, "tp 9": 2.813336346711787, "tp 11": 0.26636419630346186, "tp 12": 0.8551787847846493, "tp 13": 1.050068009480317, "tp 14": 0.4020810948375553, "tp 15": 0.35925115565808546, "tp 16": 0.769084211518507, "tp 17": 0.601088386286724, "tp 18": 0.38445050209036463, "tp 19": 0.38492521774474286, "tp 21": 0.9169681488873549, "tp 22": 1.553951267151735, "tp 23": 2.105051309104897, "tp 24": 2.2748669298305995, "tp 25": 2.2246445167982953, "tp 26": 1.860563189018642, "tp 27": 1.7973260662217636, "tp 28": 1.6835769598475179, "tp 29": 1.3796395486148825}