{"tp 1": 0.6442954044679821, "tp 2": 2.5684118701065985, "tp 3": 2.4499210985853312, "tp 4": 3.2128954606574878, "tp 5": 3.2794531488249374, "tp 6": 2.7246025500623245, "tp 7": 2.2029975616256676, "tp 8": 1.7601558336456051, "tp 9": 0.8241788161505035, "tp 11": 0.26562241752001264, "tp 12": 1.1751246798393793, "tp 13": 1.299525841274078, "tp 14": 0.5907568948153583, "tp 15": 0.4245264537986779, "tp 16": 0.6843414813664729, "tp 17": 0.5094496421376278, "tp 18": 0.3929826964447023, "tp 19": 0.3482887111309033, "tp 21": 1.000415053615634, "tp 22": 1.5393609332573714, "tp 23": 2.1597909777768867, "tp 24": 2.0054149909768544, "tp 25": 1.7415911782568452, "tp 26": 1.566954679011963, "tp 27": 1.4914224415179063, "tp 28": 1.35634048675516, "tp 29": 0.7902128114475064}