{"tp 1": 1.1721821690796246, "tp 2": 3.6620901994014963, "tp 3": 3.5387793790920723, "tp 4": 4.275452007821544, "tp 5": 5.000723207696195, "tp 6": 4.788171366573506, "tp 7": 4.3938018455520576, "tp 8": 4.13651481965873, "tp 9": 3.6935378947803317, "tp 10": 3.2135682583559046, "tp 11": 2.4445368072958282, "tp 12": 2.1598862522615496, "tp 13": 1.9319158989190595, "tp 14": 0.7184722054920794, "tp 15": 0.5384353754530131, "tp 17": 0.37860243676069416, "tp 18": 0.9387599709001526, "tp 19": 1.184514580759629, "tp 20": 1.4585050583727528, "tp 21": 2.0710494609412518, "tp 22": 2.6582161922010332, "tp 23": 2.7526418954027876, "tp 24": 2.894313916217765, "tp 25": 2.612781658093341, "tp 26": 2.0790964300847885, "tp 27": 2.131568251653163, "tp 28": 2.13767364798964, "tp 29": 1.730683011430374, "tp 30": 1.5137560598647242, "tp 31": 0.8364594368086643}