{"tp 1": 1.1473785076664536, "tp 2": 3.8730091913058953, "tp 3": 4.149327863039666, "tp 4": 5.0327894078875115, "tp 5": 5.814365434886701, "tp 6": 5.925518582256864, "tp 7": 5.500217709254779, "tp 8": 5.460187788168083, "tp 9": 5.005898518894156, "tp 10": 4.692356356077964, "tp 11": 4.074981424620035, "tp 12": 3.804852158812894, "tp 13": 3.2183184186712896, "tp 14": 2.2969485896511106, "tp 15": 1.6968415548476745, "tp 16": 2.126467417107925, "tp 17": 1.6041756711649167, "tp 18": 1.0701169573600964, "tp 20": 0.5947019018691064, "tp 21": 1.3710584782408946, "tp 22": 2.0998348558145215, "tp 23": 2.768578650490901, "tp 24": 2.987297618407023, "tp 25": 3.1107736159069264, "tp 26": 2.783688890411322, "tp 27": 2.6405068272444314, "tp 28": 2.477821226629289, "tp 29": 2.754321438634957, "tp 30": 3.064175885455234, "tp 31": 3.3413190327386033, "tp 32": 2.823991169449449, "tp 33": 3.4091618397346743, "tp 34": 3.342275468446287, "tp 35": 2.300712323326003, "tp 36": 1.5291749425663554, "tp 37": 0.9922174034782485}