{"tp 1": 0.531865057524993, "tp 3": 0.6806061654722421, "tp 5": 0.633864015958625, "tp 7": 0.2543851898994773, "tp 9": 0.14763475417382688, "tp 11": 0.31400950067317723, "tp 13": 0.4638637884210224, "tp 15": 0.26657937520989705, "tp 17": 0.2708385297116739, "tp 19": 0.40715867641569226, "tp 21": 0.3974606698901265, "tp 23": 0.3418013375847969, "tp 25": 0.41376216604866134, "tp 27": 0.32071936377403726, "tp 29": 0.6707082376382785, "tp 31": 0.6554474643100996, "tp 33": 0.7050525087570041, "tp 35": 0.3980739085670128, "tp 37": 0.2680122428029421}