{"tp 1": 3.1823602696083393, "tp 3": 0.7636948474429031, "tp 5": 0.4822722339831964, "tp 7": 0.2426712169316072, "tp 9": 0.14327461836744984, "tp 11": 0.2749946302383214, "tp 13": 0.4357265598162414, "tp 15": 0.3204641322029566, "tp 17": 0.25170339682204834, "tp 19": 0.38255665714269793, "tp 21": 0.29595343806750685, "tp 23": 0.3345189210131992, "tp 25": 0.41335592865130294, "tp 27": 0.3388696913081667, "tp 29": 0.8065350921654817, "tp 31": 0.5817583742418193, "tp 33": 0.6454656534097016, "tp 35": 0.47032813370162757, "tp 37": 0.2944407665987595}