{"tp 1": 1.4937307819897963, "tp 2": 1.5995032652242294, "tp 4": 0.7818288681723842, "tp 5": 0.38111499805810983, "tp 7": 0.3038692055067044, "tp 8": 0.2720053425429085, "tp 10": 0.28742922488888445, "tp 11": 0.5011450275098648, "tp 13": 0.44752860931553196, "tp 14": 0.24591594548313486, "tp 16": 0.4792480906109997, "tp 17": 0.3113705359979909, "tp 19": 0.48392156147709964, "tp 20": 0.48293163254810706, "tp 22": 0.37166149399101034, "tp 23": 0.39159241077130724, "tp 25": 0.5146048251825225, "tp 26": 0.553702999551194, "tp 28": 0.6776393241303126, "tp 29": 0.5704367237610715, "tp 31": 0.9098986316995196, "tp 32": 0.9816013054576358, "tp 34": 0.35715400562712246, "tp 35": 0.25321041122146704}