{"tp 1": 0.9780602256781061, "tp 2": 1.6865199364177657, "tp 3": 0.8496201988447791, "tp 5": 0.6960131053754086, "tp 6": 0.4204351381337603, "tp 7": 0.33270300727822677, "tp 9": 0.2489796589647944, "tp 10": 0.5179427615975405, "tp 11": 0.5965755617788396, "tp 13": 0.36894015997240015, "tp 14": 0.4417915646935739, "tp 15": 0.5472581005123247, "tp 17": 0.244161555596711, "tp 18": 0.2219697139034344, "tp 19": 0.36952307816108015, "tp 21": 0.5692165872894144, "tp 22": 0.717040590556415, "tp 23": 0.4481650566478652, "tp 25": 0.44034052600685347, "tp 26": 0.6982372966021146, "tp 27": 0.5697440973072125, "tp 29": 0.8435937152486734, "tp 30": 1.3447443689021106, "tp 31": 1.024512320116062, "tp 33": 0.678212746622961, "tp 34": 1.0200545369097251, "tp 35": 0.4420500929535336}