{"tp 1": 0.9314715453363573, "tp 2": 1.8695363797312705, "tp 3": 0.9688709730428221, "tp 4": 0.9072987575461092, "tp 6": 0.23410872461065751, "tp 7": 0.3638532957290668, "tp 8": 0.4575436892405076, "tp 9": 0.20752097969110678, "tp 11": 0.28259919318655913, "tp 12": 1.0906402927897878, "tp 13": 1.136192624706442, "tp 14": 0.3757521218423543, "tp 16": 0.5428615224702303, "tp 17": 0.3865175152375406, "tp 18": 0.27062890830013664, "tp 19": 0.331020451929213, "tp 21": 0.6509570675735528, "tp 22": 0.9074932440935704, "tp 23": 0.7177822954009214, "tp 24": 0.45633512636470636, "tp 26": 0.6557371514043289, "tp 27": 1.006248239545872, "tp 28": 1.010446334000766, "tp 29": 0.6050000980106188, "tp 31": 0.6745953810207848, "tp 32": 0.9442411492727779, "tp 33": 1.1166535575993382, "tp 34": 0.9099004902759803}