{"tp 1": 0.7299648953910953, "tp 2": 2.0427147155892396, "tp 3": 1.4733270276252852, "tp 4": 1.348869565079291, "tp 5": 1.015209253568977, "tp 7": 0.25546688906283954, "tp 8": 0.3361407408539026, "tp 9": 0.36507561884934525, "tp 10": 0.638095213563882, "tp 11": 0.6270691949688375, "tp 13": 0.35362540840543877, "tp 14": 0.500858037251282, "tp 15": 0.5877472475932819, "tp 16": 0.4759142256624147, "tp 17": 0.4107788947959208, "tp 19": 0.6342005429483067, "tp 20": 0.8575099574431718, "tp 21": 0.7137517933785937, "tp 22": 0.7324761425586519, "tp 23": 0.4376134594534309, "tp 25": 0.47861250265590505, "tp 26": 0.862691301177217, "tp 27": 1.0707960200435895, "tp 28": 1.0197788227713644, "tp 29": 0.7106884843973849, "tp 31": 0.6231865523618011, "tp 32": 0.8425232940652143, "tp 33": 1.4801455150374672, "tp 34": 1.5102120314010008, "tp 35": 0.7687597409461333}