{"tp 1": 0.6644837740602625, "tp 2": 2.1584395216457337, "tp 3": 1.7588041394139564, "tp 4": 1.8851066515575243, "tp 5": 1.732541851261616, "tp 6": 0.8036865633067138, "tp 8": 0.3050202620012532, "tp 9": 0.3263485636676746, "tp 10": 0.599578093379886, "tp 11": 0.6577471701410933, "tp 12": 0.9321900097520169, "tp 13": 0.9945110997679072, "tp 15": 0.25963414010114694, "tp 16": 0.6195635794422402, "tp 17": 0.6272922128057187, "tp 18": 0.5529202822419828, "tp 19": 0.7844062488376129, "tp 20": 0.8059512965014077, "tp 22": 0.49156483125151623, "tp 23": 0.8148696613430393, "tp 24": 0.9783693538576594, "tp 25": 0.9212600377599338, "tp 26": 0.8743860653283698, "tp 27": 0.6716264438723869, "tp 29": 0.6372551292207799, "tp 30": 1.4665211315211337, "tp 31": 1.9122907540578011, "tp 32": 1.6462670127098429, "tp 33": 1.7204691349298165, "tp 34": 1.498237948735282}