{"tp 1": 1.1751431216688732, "tp 2": 3.531236435798477, "tp 3": 4.003965260117432, "tp 4": 4.017105698171726, "tp 5": 3.8636810811430053, "tp 6": 3.4464707646133297, "tp 7": 2.741860197449949, "tp 9": 0.2908448218231221, "tp 10": 0.5664230770324954, "tp 11": 0.7059759277672377, "tp 12": 0.7280782355537286, "tp 13": 0.7599173997722097, "tp 14": 0.27004346899646414, "tp 15": 0.2387526874771182, "tp 17": 0.37069697992430883, "tp 18": 0.6123286379343986, "tp 19": 0.951065341574042, "tp 20": 1.0769422003046107, "tp 21": 1.080202926222154, "tp 22": 1.0694304127963732, "tp 23": 0.9666767921207232, "tp 25": 0.5140497819606873, "tp 26": 0.8894365982171373, "tp 27": 0.9612892295008293, "tp 28": 1.0454959038854312, "tp 29": 1.3171905988710133, "tp 30": 1.7416072330846135, "tp 31": 1.8410901182204062}